{"errors":[],"warnings":[],"namedChunkGroups":{"app":{"chunks":[4,1,0],"assets":["webpack-runtime-229e55c5c52fc0ea25ec.js","webpack-runtime-229e55c5c52fc0ea25ec.js.map","commons-d4137274f5f31f8c2236.js","commons-d4137274f5f31f8c2236.js.map","app-93417c3cd43591fb464e.js","app-93417c3cd43591fb464e.js.map"],"children":{},"childAssets":{}},"component---src-pages-index-js":{"chunks":[3,2],"assets":["styles.5c22a1447ed7dba598fa.css","styles-141683d2da04f64c4b5c.js","styles-141683d2da04f64c4b5c.js.map","component---src-pages-index-js-17a7f19d913e62acae12.js","component---src-pages-index-js-17a7f19d913e62acae12.js.map"],"children":{},"childAssets":{}}},"assetsByChunkName":{"app":["webpack-runtime-229e55c5c52fc0ea25ec.js","commons-d4137274f5f31f8c2236.js","app-93417c3cd43591fb464e.js"],"component---src-pages-index-js":["styles.5c22a1447ed7dba598fa.css","styles-141683d2da04f64c4b5c.js","component---src-pages-index-js-17a7f19d913e62acae12.js"]}}