{"errors":[],"warnings":[],"namedChunkGroups":{"app":{"chunks":[4,1,0],"assets":["webpack-runtime-b1cc172abeb660af92e2.js","webpack-runtime-b1cc172abeb660af92e2.js.map","commons-cee59abe136a32c38c17.js","commons-cee59abe136a32c38c17.js.map","app-1a312d34d3c4db35e601.js","app-1a312d34d3c4db35e601.js.map"],"children":{},"childAssets":{}},"component---src-pages-index-js":{"chunks":[3,2],"assets":["styles.001de3719b98b209ce5d.css","styles-163bef1008a1d2422328.js","styles-163bef1008a1d2422328.js.map","component---src-pages-index-js-3a4b05302679e90ea107.js","component---src-pages-index-js-3a4b05302679e90ea107.js.map"],"children":{},"childAssets":{}}},"assetsByChunkName":{"app":["webpack-runtime-b1cc172abeb660af92e2.js","commons-cee59abe136a32c38c17.js","app-1a312d34d3c4db35e601.js"],"component---src-pages-index-js":["styles.001de3719b98b209ce5d.css","styles-163bef1008a1d2422328.js","component---src-pages-index-js-3a4b05302679e90ea107.js"]}}